{"cameraMode":{"drawMode":0,"name":"Shaded","section":"Shading Mode"},"sceneLighting":true,"audioPlay":false,"sceneViewState":{"showFog":true,"showMaterialUpdate":false,"showSkybox":true,"showFlares":true,"showImageEffects":true,"showParticleSystems":true},"in2DMode":false,"pivot":{"x":-230.97500610351563,"y":23.80500030517578,"z":38.772613525390628},"rotation":{"x":-0.015020672231912613,"y":0.013790150173008442,"z":0.0009701291564851999,"w":-1.000020980834961},"size":41.31821823120117,"orthographic":false}