{"cameraMode":{"drawMode":0,"name":"Shaded","section":"Shading Mode"},"sceneLighting":true,"audioPlay":false,"sceneViewState":{"showFog":true,"showMaterialUpdate":false,"showSkybox":true,"showFlares":true,"showImageEffects":true,"showParticleSystems":true},"in2DMode":false,"pivot":{"x":-5.062771320343018,"y":9.786380767822266,"z":7.982824325561523},"rotation":{"x":-0.003175625577569008,"y":0.9762749671936035,"z":-0.21606972813606263,"w":-0.014351860620081425},"size":45.516780853271487,"orthographic":false}