{"cameraMode":{"drawMode":0,"name":"Shaded","section":"Shading Mode"},"sceneLighting":true,"audioPlay":false,"sceneViewState":{"showFog":true,"showMaterialUpdate":false,"showSkybox":true,"showFlares":true,"showImageEffects":true,"showParticleSystems":true},"in2DMode":false,"pivot":{"x":-3.227386474609375,"y":10.0,"z":-6.139999866485596},"rotation":{"x":0.02893386036157608,"y":-0.7306689023971558,"z":0.030855907127261163,"w":0.6814998388290405},"size":10.662731170654297,"orthographic":false}