{"cameraMode":{"drawMode":0,"name":"Shaded","section":"Shading Mode"},"sceneLighting":false,"audioPlay":false,"sceneViewState":{"showFog":true,"showMaterialUpdate":false,"showSkybox":false,"showFlares":true,"showImageEffects":true,"showParticleSystems":true},"in2DMode":false,"pivot":{"x":-3.227385997772217,"y":6.139999866485596,"z":-13.6899995803833},"rotation":{"x":0.11449257284402847,"y":-0.6958132982254028,"z":0.1136232390999794,"w":0.6999630928039551},"size":0.8660253882408142,"orthographic":false}