{"cameraMode":{"drawMode":0,"name":"Shaded","section":"Shading Mode"},"sceneLighting":true,"audioPlay":false,"sceneViewState":{"showFog":true,"showMaterialUpdate":false,"showSkybox":true,"showFlares":true,"showImageEffects":true,"showParticleSystems":true},"in2DMode":false,"pivot":{"x":469.7286376953125,"y":262.0264587402344,"z":-0.7997434735298157},"rotation":{"x":0.11970417201519013,"y":-0.03528853878378868,"z":0.003076940542086959,"w":0.992376446723938},"size":454.671142578125,"orthographic":false}