{"cameraMode":{"drawMode":0,"name":"Shaded","section":"Shading Mode"},"sceneLighting":true,"audioPlay":false,"sceneViewState":{"showFog":true,"showMaterialUpdate":false,"showSkybox":true,"showFlares":true,"showImageEffects":true,"showParticleSystems":true},"in2DMode":false,"pivot":{"x":-27.319805145263673,"y":-12.132342338562012,"z":148.27426147460938},"rotation":{"x":-0.008980919606983662,"y":0.06564614921808243,"z":-0.0005968502955511212,"w":-0.9978223443031311},"size":526.1029052734375,"orthographic":true}