{"cameraMode":{"drawMode":0,"name":"Shaded","section":"Shading Mode"},"sceneLighting":true,"audioPlay":false,"sceneViewState":{"showFog":true,"showMaterialUpdate":false,"showSkybox":true,"showFlares":true,"showImageEffects":true,"showParticleSystems":true},"in2DMode":false,"pivot":{"x":-51.31980514526367,"y":-12.132342338562012,"z":65.27424621582031},"rotation":{"x":-0.10922831296920777,"y":-0.45195117592811587,"z":0.05588073283433914,"w":-0.8835822939872742},"size":245.3483123779297,"orthographic":true}